{"cameraMode":{"drawMode":0,"name":"Shaded","section":"Shading Mode"},"sceneLighting":true,"audioPlay":false,"sceneViewState":{"showFog":false,"showMaterialUpdate":false,"showSkybox":false,"showFlares":false,"showImageEffects":false,"showParticleSystems":false},"in2DMode":false,"pivot":{"x":33.600582122802737,"y":-39.78574752807617,"z":47.3657341003418},"rotation":{"x":-0.31785228848457339,"y":-0.34244275093078616,"z":0.12434607744216919,"w":-0.8753501772880554},"size":42.9036750793457,"orthographic":false}