{"cameraMode":{"drawMode":0,"name":"Shaded","section":"Shading Mode"},"sceneLighting":true,"audioPlay":false,"sceneViewState":{"showFog":false,"showMaterialUpdate":false,"showSkybox":false,"showFlares":false,"showImageEffects":false,"showParticleSystems":false},"in2DMode":false,"pivot":{"x":15.716266632080079,"y":7.777486801147461,"z":10.267086029052735},"rotation":{"x":-0.13571441173553468,"y":0.8175638914108276,"z":-0.21469895541667939,"w":-0.5167940258979797},"size":6.218461990356445,"orthographic":false}