{"cameraMode":{"drawMode":0,"name":"Shaded","section":"Shading Mode"},"sceneLighting":true,"audioPlay":false,"sceneViewState":{"showFog":false,"showMaterialUpdate":false,"showSkybox":false,"showFlares":false,"showImageEffects":false,"showParticleSystems":false},"in2DMode":false,"pivot":{"x":-40.009193420410159,"y":-35.77227020263672,"z":-15.432341575622559},"rotation":{"x":-0.179436594247818,"y":0.7820618152618408,"z":-0.2616080045700073,"w":-0.5364152789115906},"size":39.03120803833008,"orthographic":false}